Model,Accuracy,AUC,Precision,Recall,F1,MCC
logistic_regression,0.8914077186774301,0.8725826898970541,0.5945273631840796,0.22589792060491493,0.3273972602739726,0.32045322078873445
decision_tree,0.8781377861329205,0.7051008329654018,0.4792060491493384,0.4792060491493384,0.4792060491493384,0.4102016659308036
knn,0.8922923808470641,0.8089241642825099,0.5716723549488054,0.3166351606805293,0.4075425790754258,0.372370015504988
naive_bayes,0.837996240185779,0.8127459567975399,0.35536602700781805,0.4725897920604915,0.4056795131845842,0.3183441908562959
random_forest,0.9052305650779608,0.9261343042779882,0.6484490398818316,0.41493383742911155,0.5060518731988473,0.4703618275759906
xgboost,0.905783478933982,0.9267491148928816,0.6281094527363185,0.4773156899810964,0.5424274973147154,0.49675224172885774
